{
  "ndcg_by_dataset_strategy": {
    "Synthetic": {
      "full_context": {
        "ndcg5": 0.051936981618876076,
        "tes": 0.031109946468696286,
        "recall5": 0.07459839357429719,
        "token_pct": 1.0
      },
      "bm25": {
        "ndcg5": 0.9604433587539825,
        "tes": 0.4094956614587479,
        "recall5": 0.9819277108433735,
        "token_pct": 0.1869948194264045
      },
      "dense_tfidf": {
        "ndcg5": 0.8167121789245408,
        "tes": 0.4056435550319376,
        "recall5": 0.9726907630522088,
        "token_pct": 0.20949313984562787
      },
      "graph_rag": {
        "ndcg5": 0.41143719550998237,
        "tes": 0.21425248463030808,
        "recall5": 0.5137550200803213,
        "token_pct": 0.23557307296098892
      },
      "adaptive_trigger": {
        "ndcg5": 0.7762409293817638,
        "tes": 0.7762533311341258,
        "recall5": 0.8739959839357431,
        "token_pct": 0.05186635015900032
      },
      "llamaindex": {
        "ndcg5": 0.8121204359274928,
        "tes": 0.4054342014217848,
        "recall5": 0.9721887550200803,
        "token_pct": 0.2006542153745092
      },
      "chroma_dense": {
        "ndcg5": 0.6784394991649014,
        "tes": 0.3455590689181029,
        "recall5": 0.8286144578313254,
        "token_pct": 0.1927161433839447
      }
    },
    "GraphPrompt": {
      "full_context": {
        "ndcg5": 0.09012334698217314,
        "tes": 0.04520320223516252,
        "recall5": 0.10839254495504495,
        "token_pct": 1.0
      },
      "bm25": {
        "ndcg5": 0.26931323880429214,
        "tes": 0.1772448420020329,
        "recall5": 0.4250145687645688,
        "token_pct": 0.14455807740819998
      },
      "dense_tfidf": {
        "ndcg5": 0.4297596605525806,
        "tes": 0.2206981277870414,
        "recall5": 0.5292109973359973,
        "token_pct": 0.14228114680914386
      },
      "graph_rag": {
        "ndcg5": 0.45928056681712714,
        "tes": 0.20670777946347182,
        "recall5": 0.49566360722610725,
        "token_pct": 0.15593316421252534
      },
      "adaptive_trigger": {
        "ndcg5": 0.1520189105781739,
        "tes": 0.1791739023462434,
        "recall5": 0.15180028305028306,
        "token_pct": 0.02055508708776803
      },
      "llamaindex": {
        "ndcg5": 0.386137592281404,
        "tes": 0.2031976613612025,
        "recall5": 0.4872467116217116,
        "token_pct": 0.17258790266577856
      },
      "chroma_dense": {
        "ndcg5": 0.35386887811340745,
        "tes": 0.18149119829533122,
        "recall5": 0.4351968864468865,
        "token_pct": 0.1486887232323805
      }
    },
    "OneViral": {
      "full_context": {
        "ndcg5": 0.004037621491352573,
        "tes": 0.0009929342652958246,
        "recall5": 0.002380952380952381,
        "token_pct": 1.0
      },
      "bm25": {
        "ndcg5": 0.13106910478612152,
        "tes": 0.06501355308484566,
        "recall5": 0.15589569160997732,
        "token_pct": 0.015068000011026381
      },
      "dense_tfidf": {
        "ndcg5": 0.17840617269929723,
        "tes": 0.09350130998202348,
        "recall5": 0.2242063492063492,
        "token_pct": 0.003829603459058874
      },
      "graph_rag": {
        "ndcg5": 0.19466373627066183,
        "tes": 0.08581789007199626,
        "recall5": 0.20578231292517005,
        "token_pct": 0.01884563333767047
      },
      "adaptive_trigger": {
        "ndcg5": 0.18245836744196584,
        "tes": 0.231655296297462,
        "recall5": 0.18253968253968256,
        "token_pct": 0.009993672574909195
      },
      "llamaindex": {
        "ndcg5": 0.27459820588147066,
        "tes": 0.1525099748910325,
        "recall5": 0.365702947845805,
        "token_pct": 0.008582926067158722
      },
      "chroma_dense": {
        "ndcg5": 0.2189323868843403,
        "tes": 0.10497915726300258,
        "recall5": 0.2517290249433107,
        "token_pct": 0.009041005712344185
      }
    },
    "AgentNode": {
      "full_context": {
        "ndcg5": 0.00455120949687696,
        "tes": 0.004906263428520545,
        "recall5": 0.011764705882352941,
        "token_pct": 1.0
      },
      "bm25": {
        "ndcg5": 0.1844473164764344,
        "tes": 0.1051091803478864,
        "recall5": 0.2520408066839082,
        "token_pct": 0.0075464855101127415
      },
      "dense_tfidf": {
        "ndcg5": 0.19208008067154447,
        "tes": 0.12488493255471196,
        "recall5": 0.2994609894166872,
        "token_pct": 0.0009966048675305885
      },
      "graph_rag": {
        "ndcg5": 0.08275631592256383,
        "tes": 0.027431230509378887,
        "recall5": 0.06577721796548208,
        "token_pct": 0.011638713575340073
      },
      "adaptive_trigger": {
        "ndcg5": 0.13284135264598326,
        "tes": 0.17517956176608857,
        "recall5": 0.17058823529411765,
        "token_pct": 0.003910209407242564
      },
      "llamaindex": {
        "ndcg5": 0.13096895788812457,
        "tes": 0.078405003147868,
        "recall5": 0.18800698641201405,
        "token_pct": 0.003977118790684352
      },
      "chroma_dense": {
        "ndcg5": 0.11829832584833623,
        "tes": 0.06763236572281275,
        "recall5": 0.16217533005490326,
        "token_pct": 0.002510670415045133
      }
    }
  },
  "correlation": {
    "overall_pearson_r": 0.8711702589309038,
    "overall_t_statistic": 9.047425060400155,
    "overall_df": 26,
    "overall_n": 28
  },
  "per_dataset_correlation": {
    "Synthetic": 0.7417899403470325,
    "GraphPrompt": 0.8113302024455804,
    "OneViral": 0.6750013066477949,
    "AgentNode": 0.7527441778842425
  }
}